Title,URL
"**Join Our PanzerSims Discord Server!**",https://panzersim.forumotion.com/t456-join-our-panzersims-discord-server
"Apologies to NEW USERS!",https://panzersim.forumotion.com/t450-apologies-to-new-users
"A Reflection on ZeeWolf's Mod and Its Future",https://panzersim.forumotion.com/t451-a-reflection-on-zeewolf-s-mod-and-its-future
"R.I.P Monkwarrior (mmp creator)",https://panzersim.forumotion.com/t102-r-i-p-monkwarrior-mmp-creator
"T-34 vs Tiger Web Mission Generator (Sneak Peek)",https://panzersim.forumotion.com/t482-t-34-vs-tiger-web-mission-generator-sneak-peek
"Skins for a remarkable tank sim",https://panzersim.forumotion.com/t385-skins-for-a-remarkable-tank-sim
"New SP Mission",https://panzersim.forumotion.com/t339-new-sp-mission
"New T-34 vs Tiger Single-Player Mission Created!",https://panzersim.forumotion.com/t481-new-t-34-vs-tiger-single-player-mission-created
"TvT Mission Editor - Correct Radar Setup for Objects",https://panzersim.forumotion.com/t480-tvt-mission-editor-correct-radar-setup-for-objects
"how to do it?",https://panzersim.forumotion.com/t478-how-to-do-it
"Try MMP 7 HERE",https://panzersim.forumotion.com/t383-try-mmp-7-here
"ZeeWolf T34 vs Tiger screenshots",https://panzersim.forumotion.com/t444-zeewolf-t34-vs-tiger-screenshots
"I didn't last long!",https://panzersim.forumotion.com/t473-i-didn-t-last-long
"T-34 vs Tiger â€“ Mission Modding Bible v1.0",https://panzersim.forumotion.com/t472-t-34-vs-tiger-mission-modding-bible-v1-0
"Why I will not continue to mod T34 vs Tiger anymore (And What I've Learned)",https://panzersim.forumotion.com/t471-why-i-will-not-continue-to-mod-t34-vs-tiger-anymore-and-what-i-ve-learned
"T34 vs Tiger - Distant Terrain Enhancement Mod (Microtexture Fix)",https://panzersim.forumotion.com/t470-t34-vs-tiger-distant-terrain-enhancement-mod-microtexture-fix
"Release of T34 vs Tiger Modder's Handbook with AI Analysis - Dive into Modding!",https://panzersim.forumotion.com/t469-release-of-t34-vs-tiger-modder-s-handbook-with-ai-analysis-dive-into-modding
"Improving Tree LODs...",https://panzersim.forumotion.com/t466-improving-tree-lods
"Attempt to Increase Terrain LOD in WWII Battle Tanks:",https://panzersim.forumotion.com/t468-attempt-to-increase-terrain-lod-in-wwii-battle-tanks
"Interesting Find: Velocity Scaling...",https://panzersim.forumotion.com/t467-interesting-find-velocity-scaling
"Enhancing Atmosphere and Lighting...",https://panzersim.forumotion.com/t465-enhancing-atmosphere-and-lighting
"Enhancing Shadows...",https://panzersim.forumotion.com/t464-enhancing-shadows
"Improving Tree Rendering...",https://panzersim.forumotion.com/t463-improving-tree-rendering
"Interesting T-34/76 Discovery in WWII Battle Tanks: T-34 vs. Tiger",https://panzersim.forumotion.com/t462-interesting-t-34-76-discovery-in-wwii-battle-tanks-t-34-vs-tiger
"Noticing a Performance Drop When Using F9 Debug Mode in TvsT",https://panzersim.forumotion.com/t461-noticing-a-performance-drop-when-using-f9-debug-mode-in-tvst
"Fixed Sound for TvT: Mmp7 Missing bullethit_armour04.wav (JSGME-Ready)",https://panzersim.forumotion.com/t460-fixed-sound-for-tvt-mmp7-missing-bullethit_armour04-wav-jsgme-ready
"Game only opens until it starts",https://panzersim.forumotion.com/t459-game-only-opens-until-it-starts
"MMP7 BETA release is imminent.",https://panzersim.forumotion.com/t285-mmp7-beta-release-is-imminent
"New Mod No Tree Wall",https://panzersim.forumotion.com/t457-new-mod-no-tree-wall
"Release Announcement for ZeeWolf's Mod",https://panzersim.forumotion.com/t454-release-announcement-for-zeewolf-s-mod
"ZeeWolf's Christmas gift found: Link here.",https://panzersim.forumotion.com/t453-zeewolf-s-christmas-gift-found-link-here
"Ray Tracing Global Illumination",https://panzersim.forumotion.com/t452-ray-tracing-global-illumination
"MonkWarrior's Mod: Multiplayer Testers Needed for 'T-34 vs. Tiger",https://panzersim.forumotion.com/t443-monkwarrior-s-mod-multiplayer-testers-needed-for-t-34-vs-tiger
"A Look Back:",https://panzersim.forumotion.com/t449-a-look-back
"Comprehensive Key Bindings Guide for WWII Battle Tanks: T-34 vs. Tiger",https://panzersim.forumotion.com/t448-comprehensive-key-bindings-guide-for-wwii-battle-tanks-t-34-vs-tiger
"A ""T-34 vs Tiger"" Player's Take on ""Whirlwind Over Vietnam"" Features",https://panzersim.forumotion.com/t447-a-t-34-vs-tiger-player-s-take-on-whirlwind-over-vietnam-features
"Tuning Into the Past: The Potential of Radio Comms in T-34 vs. Tiger",https://panzersim.forumotion.com/t446-tuning-into-the-past-the-potential-of-radio-comms-in-t-34-vs-tiger
"A tiny mod",https://panzersim.forumotion.com/t445-a-tiny-mod
"New T34 vs Tiger icon for our modern o/s's",https://panzersim.forumotion.com/t442-new-t34-vs-tiger-icon-for-our-modern-o-s-s
"T34 vs Tiger Screenshots",https://panzersim.forumotion.com/t436-t34-vs-tiger-screenshots
"Enhancing Shadows in T-34 vs. Tiger: A Simple Modding Guide",https://panzersim.forumotion.com/t441-enhancing-shadows-in-t-34-vs-tiger-a-simple-modding-guide
"A Legacy of Authenticity and Challenge",https://panzersim.forumotion.com/t440-a-legacy-of-authenticity-and-challenge
"Breathing New Life into Old Tracks",https://panzersim.forumotion.com/t439-breathing-new-life-into-old-tracks
"The updated manual, ""Export Manual: Tutorial 1 2024 Revision,""",https://panzersim.forumotion.com/t438-the-updated-manual-export-manual-tutorial-1-2024-revision
"A complete mission editor guide!",https://panzersim.forumotion.com/t437-a-complete-mission-editor-guide
"Mmp7 and final release by Monkwarrior.",https://panzersim.forumotion.com/t435-mmp7-and-final-release-by-monkwarrior
"MMp6.1 Beta Download",https://panzersim.forumotion.com/t434-mmp6-1-beta-download
"MMP5 Download Link",https://panzersim.forumotion.com/t433-mmp5-download-link
"T34 vs Tiger 1.1 patch",https://panzersim.forumotion.com/t432-t34-vs-tiger-1-1-patch
"New to t34 vs tiger need help /mods/",https://panzersim.forumotion.com/t431-new-to-t34-vs-tiger-need-help-mods
"I've dusted it off and started modding it again",https://panzersim.forumotion.com/t429-i-ve-dusted-it-off-and-started-modding-it-again
"Two New objects imported into TvT (HOWTO)",https://panzersim.forumotion.com/t421-two-new-objects-imported-into-tvt-howto
